[{"model": "viewer.country", "pk": 1, "fields": {"country": "Aruba", "code": "ABW"}}, {"model": "viewer.country", "pk": 2, "fields": {"country": "Afghanistan", "code": "AFG"}}, {"model": "viewer.country", "pk": 3, "fields": {"country": "Angola", "code": "AGO"}}, {"model": "viewer.country", "pk": 4, "fields": {"country": "Anguilla", "code": "AIA"}}, {"model": "viewer.country", "pk": 5, "fields": {"country": "Albania", "code": "ALB"}}, {"model": "viewer.country", "pk": 6, "fields": {"country": "Andorra", "code": "AND"}}, {"model": "viewer.country", "pk": 7, "fields": {"country": "Netherlands Antilles", "code": "ANT"}}, {"model": "viewer.country", "pk": 8, "fields": {"country": "United Arab Emirates", "code": "ARE"}}, {"model": "viewer.country", "pk": 9, "fields": {"country": "Argentina", "code": "ARG"}}, {"model": "viewer.country", "pk": 10, "fields": {"country": "Armenia", "code": "ARM"}}, {"model": "viewer.country", "pk": 11, "fields": {"country": "American Samoa", "code": "ASM"}}, {"model": "viewer.country", "pk": 12, "fields": {"country": "Antarctica", "code": "ATA"}}, {"model": "viewer.country", "pk": 13, "fields": {"country": "French Southern territories", "code": "ATF"}}, {"model": "viewer.country", "pk": 14, "fields": {"country": "Antigua and Barbuda", "code": "ATG"}}, {"model": "viewer.country", "pk": 15, "fields": {"country": "Australia", "code": "AUS"}}, {"model": "viewer.country", "pk": 16, "fields": {"country": "Austria", "code": "AUT"}}, {"model": "viewer.country", "pk": 17, "fields": {"country": "Azerbaijan", "code": "AZE"}}, {"model": "viewer.country", "pk": 18, "fields": {"country": "Burundi", "code": "BDI"}}, {"model": "viewer.country", "pk": 19, "fields": {"country": "Belgium", "code": "BEL"}}, {"model": "viewer.country", "pk": 20, "fields": {"country": "Benin", "code": "BEN"}}, {"model": "viewer.country", "pk": 21, "fields": {"country": "Burkina Faso", "code": "BFA"}}, {"model": "viewer.country", "pk": 22, "fields": {"country": "Bangladesh", "code": "BGD"}}, {"model": "viewer.country", "pk": 23, "fields": {"country": "Bulgaria", "code": "BGR"}}, {"model": "viewer.country", "pk": 24, "fields": {"country": "Bahrain", "code": "BHR"}}, {"model": "viewer.country", "pk": 25, "fields": {"country": "Bahamas", "code": "BHS"}}, {"model": "viewer.country", "pk": 26, "fields": {"country": "Bosnia and Herzegovina", "code": "BIH"}}, {"model": "viewer.country", "pk": 27, "fields": {"country": "Belarus", "code": "BLR"}}, {"model": "viewer.country", "pk": 28, "fields": {"country": "Belize", "code": "BLZ"}}, {"model": "viewer.country", "pk": 29, "fields": {"country": "Bermuda", "code": "BMU"}}, {"model": "viewer.country", "pk": 30, "fields": {"country": "Bolivia", "code": "BOL"}}, {"model": "viewer.country", "pk": 31, "fields": {"country": "Brazil", "code": "BRA"}}, {"model": "viewer.country", "pk": 32, "fields": {"country": "Barbados", "code": "BRB"}}, {"model": "viewer.country", "pk": 33, "fields": {"country": "Brunei", "code": "BRN"}}, {"model": "viewer.country", "pk": 34, "fields": {"country": "Bhutan", "code": "BTN"}}, {"model": "viewer.country", "pk": 35, "fields": {"country": "Bouvet Island", "code": "BVT"}}, {"model": "viewer.country", "pk": 36, "fields": {"country": "Botswana", "code": "BWA"}}, {"model": "viewer.country", "pk": 37, "fields": {"country": "Central African Republic", "code": "CAF"}}, {"model": "viewer.country", "pk": 38, "fields": {"country": "Canada", "code": "CAN"}}, {"model": "viewer.country", "pk": 39, "fields": {"country": "Cocos (Keeling) Islands", "code": "CCK"}}, {"model": "viewer.country", "pk": 40, "fields": {"country": "Côte d’Ivoire", "code": "CIV"}}, {"model": "viewer.country", "pk": 41, "fields": {"country": "Cameroon", "code": "CMR"}}, {"model": "viewer.country", "pk": 42, "fields": {"country": "Congo, The Democratic Republic of the", "code": "COD"}}, {"model": "viewer.country", "pk": 43, "fields": {"country": "Congo", "code": "COG"}}, {"model": "viewer.country", "pk": 44, "fields": {"country": "Cook Islands", "code": "COK"}}, {"model": "viewer.country", "pk": 45, "fields": {"country": "Colombia", "code": "COL"}}, {"model": "viewer.country", "pk": 46, "fields": {"country": "Comoros", "code": "COM"}}, {"model": "viewer.country", "pk": 47, "fields": {"country": "Cape Verde", "code": "CPV"}}, {"model": "viewer.country", "pk": 48, "fields": {"country": "Costa Rica", "code": "CRI"}}, {"model": "viewer.country", "pk": 49, "fields": {"country": "Cuba", "code": "CUB"}}, {"model": "viewer.country", "pk": 50, "fields": {"country": "Christmas Island", "code": "CXR"}}, {"model": "viewer.country", "pk": 51, "fields": {"country": "Cayman Islands", "code": "CYM"}}, {"model": "viewer.country", "pk": 52, "fields": {"country": "Cyprus", "code": "CYP"}}, {"model": "viewer.country", "pk": 53, "fields": {"country": "Czech Republic", "code": "CZE"}}, {"model": "viewer.country", "pk": 54, "fields": {"country": "Germany", "code": "DEU"}}, {"model": "viewer.country", "pk": 55, "fields": {"country": "Djibouti", "code": "DJI"}}, {"model": "viewer.country", "pk": 56, "fields": {"country": "Dominica", "code": "DMA"}}, {"model": "viewer.country", "pk": 57, "fields": {"country": "Denmark", "code": "DNK"}}, {"model": "viewer.country", "pk": 58, "fields": {"country": "Dominican Republic", "code": "DOM"}}, {"model": "viewer.country", "pk": 59, "fields": {"country": "Algeria", "code": "DZA"}}, {"model": "viewer.country", "pk": 60, "fields": {"country": "Ecuador", "code": "ECU"}}, {"model": "viewer.country", "pk": 61, "fields": {"country": "Egypt", "code": "EGY"}}, {"model": "viewer.country", "pk": 62, "fields": {"country": "Eritrea", "code": "ERI"}}, {"model": "viewer.country", "pk": 63, "fields": {"country": "Western Sahara", "code": "ESH"}}, {"model": "viewer.country", "pk": 64, "fields": {"country": "Spain", "code": "ESP"}}, {"model": "viewer.country", "pk": 65, "fields": {"country": "Estonia", "code": "EST"}}, {"model": "viewer.country", "pk": 66, "fields": {"country": "Ethiopia", "code": "ETH"}}, {"model": "viewer.country", "pk": 67, "fields": {"country": "Finland", "code": "FIN"}}, {"model": "viewer.country", "pk": 68, "fields": {"country": "Fiji Islands", "code": "FJI"}}, {"model": "viewer.country", "pk": 69, "fields": {"country": "Falkland Islands", "code": "FLK"}}, {"model": "viewer.country", "pk": 70, "fields": {"country": "France", "code": "FRA"}}, {"model": "viewer.country", "pk": 71, "fields": {"country": "Faroe Islands", "code": "FRO"}}, {"model": "viewer.country", "pk": 72, "fields": {"country": "Micronesia, Federated States of", "code": "FSM"}}, {"model": "viewer.country", "pk": 73, "fields": {"country": "Gabon", "code": "GAB"}}, {"model": "viewer.country", "pk": 74, "fields": {"country": "United Kingdom", "code": "GBR"}}, {"model": "viewer.country", "pk": 75, "fields": {"country": "Georgia", "code": "GEO"}}, {"model": "viewer.country", "pk": 76, "fields": {"country": "Ghana", "code": "GHA"}}, {"model": "viewer.country", "pk": 77, "fields": {"country": "Gibraltar", "code": "GIB"}}, {"model": "viewer.country", "pk": 78, "fields": {"country": "Guinea", "code": "GIN"}}, {"model": "viewer.country", "pk": 79, "fields": {"country": "Guadeloupe", "code": "GLP"}}, {"model": "viewer.country", "pk": 80, "fields": {"country": "Gambia", "code": "GMB"}}, {"model": "viewer.country", "pk": 81, "fields": {"country": "Guinea-Bissau", "code": "GNB"}}, {"model": "viewer.country", "pk": 82, "fields": {"country": "Equatorial Guinea", "code": "GNQ"}}, {"model": "viewer.country", "pk": 83, "fields": {"country": "Greece", "code": "GRC"}}, {"model": "viewer.country", "pk": 84, "fields": {"country": "Grenada", "code": "GRD"}}, {"model": "viewer.country", "pk": 85, "fields": {"country": "Greenland", "code": "GRL"}}, {"model": "viewer.country", "pk": 86, "fields": {"country": "Guatemala", "code": "GTM"}}, {"model": "viewer.country", "pk": 87, "fields": {"country": "French Guiana", "code": "GUF"}}, {"model": "viewer.country", "pk": 88, "fields": {"country": "Guam", "code": "GUM"}}, {"model": "viewer.country", "pk": 89, "fields": {"country": "Guyana", "code": "GUY"}}, {"model": "viewer.country", "pk": 90, "fields": {"country": "Hong Kong", "code": "HKG"}}, {"model": "viewer.country", "pk": 91, "fields": {"country": "Heard Island and McDonald Islands", "code": "HMD"}}, {"model": "viewer.country", "pk": 92, "fields": {"country": "Honduras", "code": "HND"}}, {"model": "viewer.country", "pk": 93, "fields": {"country": "Croatia", "code": "HRV"}}, {"model": "viewer.country", "pk": 94, "fields": {"country": "Haiti", "code": "HTI"}}, {"model": "viewer.country", "pk": 95, "fields": {"country": "Hungary", "code": "HUN"}}, {"model": "viewer.country", "pk": 96, "fields": {"country": "Switzerland", "code": "CHE"}}, {"model": "viewer.country", "pk": 97, "fields": {"country": "Chile", "code": "CHL"}}, {"model": "viewer.country", "pk": 98, "fields": {"country": "China", "code": "CHN"}}, {"model": "viewer.country", "pk": 99, "fields": {"country": "Indonesia", "code": "IDN"}}, {"model": "viewer.country", "pk": 100, "fields": {"country": "India", "code": "IND"}}, {"model": "viewer.country", "pk": 101, "fields": {"country": "British Indian Ocean Territory", "code": "IOT"}}, {"model": "viewer.country", "pk": 102, "fields": {"country": "Ireland", "code": "IRL"}}, {"model": "viewer.country", "pk": 103, "fields": {"country": "Iran", "code": "IRN"}}, {"model": "viewer.country", "pk": 104, "fields": {"country": "Iraq", "code": "IRQ"}}, {"model": "viewer.country", "pk": 105, "fields": {"country": "Iceland", "code": "ISL"}}, {"model": "viewer.country", "pk": 106, "fields": {"country": "Israel", "code": "ISR"}}, {"model": "viewer.country", "pk": 107, "fields": {"country": "Italy", "code": "ITA"}}, {"model": "viewer.country", "pk": 108, "fields": {"country": "Jamaica", "code": "JAM"}}, {"model": "viewer.country", "pk": 109, "fields": {"country": "Jordan", "code": "JOR"}}, {"model": "viewer.country", "pk": 110, "fields": {"country": "Japan", "code": "JPN"}}, {"model": "viewer.country", "pk": 111, "fields": {"country": "Kazakstan", "code": "KAZ"}}, {"model": "viewer.country", "pk": 112, "fields": {"country": "Kenya", "code": "KEN"}}, {"model": "viewer.country", "pk": 113, "fields": {"country": "Kyrgyzstan", "code": "KGZ"}}, {"model": "viewer.country", "pk": 114, "fields": {"country": "Cambodia", "code": "KHM"}}, {"model": "viewer.country", "pk": 115, "fields": {"country": "Kiribati", "code": "KIR"}}, {"model": "viewer.country", "pk": 116, "fields": {"country": "Saint Kitts and Nevis", "code": "KNA"}}, {"model": "viewer.country", "pk": 117, "fields": {"country": "South Korea", "code": "KOR"}}, {"model": "viewer.country", "pk": 118, "fields": {"country": "Kuwait", "code": "KWT"}}, {"model": "viewer.country", "pk": 119, "fields": {"country": "Laos", "code": "LAO"}}, {"model": "viewer.country", "pk": 120, "fields": {"country": "Lebanon", "code": "LBN"}}, {"model": "viewer.country", "pk": 121, "fields": {"country": "Liberia", "code": "LBR"}}, {"model": "viewer.country", "pk": 122, "fields": {"country": "Libyan Arab Jamahiriya", "code": "LBY"}}, {"model": "viewer.country", "pk": 123, "fields": {"country": "Saint Lucia", "code": "LCA"}}, {"model": "viewer.country", "pk": 124, "fields": {"country": "Liechtenstein", "code": "LIE"}}, {"model": "viewer.country", "pk": 125, "fields": {"country": "Sri Lanka", "code": "LKA"}}, {"model": "viewer.country", "pk": 126, "fields": {"country": "Lesotho", "code": "LSO"}}, {"model": "viewer.country", "pk": 127, "fields": {"country": "Lithuania", "code": "LTU"}}, {"model": "viewer.country", "pk": 128, "fields": {"country": "Luxembourg", "code": "LUX"}}, {"model": "viewer.country", "pk": 129, "fields": {"country": "Latvia", "code": "LVA"}}, {"model": "viewer.country", "pk": 130, "fields": {"country": "Macao", "code": "MAC"}}, {"model": "viewer.country", "pk": 131, "fields": {"country": "Morocco", "code": "MAR"}}, {"model": "viewer.country", "pk": 132, "fields": {"country": "Monaco", "code": "MCO"}}, {"model": "viewer.country", "pk": 133, "fields": {"country": "Moldova", "code": "MDA"}}, {"model": "viewer.country", "pk": 134, "fields": {"country": "Madagascar", "code": "MDG"}}, {"model": "viewer.country", "pk": 135, "fields": {"country": "Maldives", "code": "MDV"}}, {"model": "viewer.country", "pk": 136, "fields": {"country": "Mexico", "code": "MEX"}}, {"model": "viewer.country", "pk": 137, "fields": {"country": "Marshall Islands", "code": "MHL"}}, {"model": "viewer.country", "pk": 138, "fields": {"country": "Macedonia", "code": "MKD"}}, {"model": "viewer.country", "pk": 139, "fields": {"country": "Mali", "code": "MLI"}}, {"model": "viewer.country", "pk": 140, "fields": {"country": "Malta", "code": "MLT"}}, {"model": "viewer.country", "pk": 141, "fields": {"country": "Myanmar", "code": "MMR"}}, {"model": "viewer.country", "pk": 142, "fields": {"country": "Mongolia", "code": "MNG"}}, {"model": "viewer.country", "pk": 143, "fields": {"country": "Northern Mariana Islands", "code": "MNP"}}, {"model": "viewer.country", "pk": 144, "fields": {"country": "Mozambique", "code": "MOZ"}}, {"model": "viewer.country", "pk": 145, "fields": {"country": "Mauritania", "code": "MRT"}}, {"model": "viewer.country", "pk": 146, "fields": {"country": "Montserrat", "code": "MSR"}}, {"model": "viewer.country", "pk": 147, "fields": {"country": "Martinique", "code": "MTQ"}}, {"model": "viewer.country", "pk": 148, "fields": {"country": "Mauritius", "code": "MUS"}}, {"model": "viewer.country", "pk": 149, "fields": {"country": "Malawi", "code": "MWI"}}, {"model": "viewer.country", "pk": 150, "fields": {"country": "Malaysia", "code": "MYS"}}, {"model": "viewer.country", "pk": 151, "fields": {"country": "Mayotte", "code": "MYT"}}, {"model": "viewer.country", "pk": 152, "fields": {"country": "Namibia", "code": "NAM"}}, {"model": "viewer.country", "pk": 153, "fields": {"country": "New Caledonia", "code": "NCL"}}, {"model": "viewer.country", "pk": 154, "fields": {"country": "Niger", "code": "NER"}}, {"model": "viewer.country", "pk": 155, "fields": {"country": "Norfolk Island", "code": "NFK"}}, {"model": "viewer.country", "pk": 156, "fields": {"country": "Nigeria", "code": "NGA"}}, {"model": "viewer.country", "pk": 157, "fields": {"country": "Nicaragua", "code": "NIC"}}, {"model": "viewer.country", "pk": 158, "fields": {"country": "Niue", "code": "NIU"}}, {"model": "viewer.country", "pk": 159, "fields": {"country": "Netherlands", "code": "NLD"}}, {"model": "viewer.country", "pk": 160, "fields": {"country": "Norway", "code": "NOR"}}, {"model": "viewer.country", "pk": 161, "fields": {"country": "Nepal", "code": "NPL"}}, {"model": "viewer.country", "pk": 162, "fields": {"country": "Nauru", "code": "NRU"}}, {"model": "viewer.country", "pk": 163, "fields": {"country": "New Zealand", "code": "NZL"}}, {"model": "viewer.country", "pk": 164, "fields": {"country": "Oman", "code": "OMN"}}, {"model": "viewer.country", "pk": 165, "fields": {"country": "Pakistan", "code": "PAK"}}, {"model": "viewer.country", "pk": 166, "fields": {"country": "Panama", "code": "PAN"}}, {"model": "viewer.country", "pk": 167, "fields": {"country": "Pitcairn", "code": "PCN"}}, {"model": "viewer.country", "pk": 168, "fields": {"country": "Peru", "code": "PER"}}, {"model": "viewer.country", "pk": 169, "fields": {"country": "Philippines", "code": "PHL"}}, {"model": "viewer.country", "pk": 170, "fields": {"country": "Palau", "code": "PLW"}}, {"model": "viewer.country", "pk": 171, "fields": {"country": "Papua New Guinea", "code": "PNG"}}, {"model": "viewer.country", "pk": 172, "fields": {"country": "Poland", "code": "POL"}}, {"model": "viewer.country", "pk": 173, "fields": {"country": "Puerto Rico", "code": "PRI"}}, {"model": "viewer.country", "pk": 174, "fields": {"country": "North Korea", "code": "PRK"}}, {"model": "viewer.country", "pk": 175, "fields": {"country": "Portugal", "code": "PRT"}}, {"model": "viewer.country", "pk": 176, "fields": {"country": "Paraguay", "code": "PRY"}}, {"model": "viewer.country", "pk": 177, "fields": {"country": "Palestine", "code": "PSE"}}, {"model": "viewer.country", "pk": 178, "fields": {"country": "French Polynesia", "code": "PYF"}}, {"model": "viewer.country", "pk": 179, "fields": {"country": "Qatar", "code": "QAT"}}, {"model": "viewer.country", "pk": 180, "fields": {"country": "Réunion", "code": "REU"}}, {"model": "viewer.country", "pk": 181, "fields": {"country": "Romania", "code": "ROM"}}, {"model": "viewer.country", "pk": 182, "fields": {"country": "Russian Federation", "code": "RUS"}}, {"model": "viewer.country", "pk": 183, "fields": {"country": "Rwanda", "code": "RWA"}}, {"model": "viewer.country", "pk": 184, "fields": {"country": "Saudi Arabia", "code": "SAU"}}, {"model": "viewer.country", "pk": 185, "fields": {"country": "Sudan", "code": "SDN"}}, {"model": "viewer.country", "pk": 186, "fields": {"country": "Senegal", "code": "SEN"}}, {"model": "viewer.country", "pk": 187, "fields": {"country": "Singapore", "code": "SGP"}}, {"model": "viewer.country", "pk": 188, "fields": {"country": "South Georgia and the South Sandwich Islands", "code": "SGS"}}, {"model": "viewer.country", "pk": 189, "fields": {"country": "Saint Helena", "code": "SHN"}}, {"model": "viewer.country", "pk": 190, "fields": {"country": "Svalbard and Jan Mayen", "code": "SJM"}}, {"model": "viewer.country", "pk": 191, "fields": {"country": "Solomon Islands", "code": "SLB"}}, {"model": "viewer.country", "pk": 192, "fields": {"country": "Sierra Leone", "code": "SLE"}}, {"model": "viewer.country", "pk": 193, "fields": {"country": "El Salvador", "code": "SLV"}}, {"model": "viewer.country", "pk": 194, "fields": {"country": "San Marino", "code": "SMR"}}, {"model": "viewer.country", "pk": 195, "fields": {"country": "Somalia", "code": "SOM"}}, {"model": "viewer.country", "pk": 196, "fields": {"country": "Saint Pierre and Miquelon", "code": "SPM"}}, {"model": "viewer.country", "pk": 197, "fields": {"country": "Sao Tome and Principe", "code": "STP"}}, {"model": "viewer.country", "pk": 198, "fields": {"country": "Suriname", "code": "SUR"}}, {"model": "viewer.country", "pk": 199, "fields": {"country": "Slovakia", "code": "SVK"}}, {"model": "viewer.country", "pk": 200, "fields": {"country": "Slovenia", "code": "SVN"}}, {"model": "viewer.country", "pk": 201, "fields": {"country": "Sweden", "code": "SWE"}}, {"model": "viewer.country", "pk": 202, "fields": {"country": "Swaziland", "code": "SWZ"}}, {"model": "viewer.country", "pk": 203, "fields": {"country": "Seychelles", "code": "SYC"}}, {"model": "viewer.country", "pk": 204, "fields": {"country": "Syria", "code": "SYR"}}, {"model": "viewer.country", "pk": 205, "fields": {"country": "Turks and Caicos Islands", "code": "TCA"}}, {"model": "viewer.country", "pk": 206, "fields": {"country": "Chad", "code": "TCD"}}, {"model": "viewer.country", "pk": 207, "fields": {"country": "Togo", "code": "TGO"}}, {"model": "viewer.country", "pk": 208, "fields": {"country": "Thailand", "code": "THA"}}, {"model": "viewer.country", "pk": 209, "fields": {"country": "Tajikistan", "code": "TJK"}}, {"model": "viewer.country", "pk": 210, "fields": {"country": "Tokelau", "code": "TKL"}}, {"model": "viewer.country", "pk": 211, "fields": {"country": "Turkmenistan", "code": "TKM"}}, {"model": "viewer.country", "pk": 212, "fields": {"country": "East Timor", "code": "TMP"}}, {"model": "viewer.country", "pk": 213, "fields": {"country": "Tonga", "code": "TON"}}, {"model": "viewer.country", "pk": 214, "fields": {"country": "Trinidad and Tobago", "code": "TTO"}}, {"model": "viewer.country", "pk": 215, "fields": {"country": "Tunisia", "code": "TUN"}}, {"model": "viewer.country", "pk": 216, "fields": {"country": "Turkey", "code": "TUR"}}, {"model": "viewer.country", "pk": 217, "fields": {"country": "Tuvalu", "code": "TUV"}}, {"model": "viewer.country", "pk": 218, "fields": {"country": "Taiwan", "code": "TWN"}}, {"model": "viewer.country", "pk": 219, "fields": {"country": "Tanzania", "code": "TZA"}}, {"model": "viewer.country", "pk": 220, "fields": {"country": "Uganda", "code": "UGA"}}, {"model": "viewer.country", "pk": 221, "fields": {"country": "Ukraine", "code": "UKR"}}, {"model": "viewer.country", "pk": 222, "fields": {"country": "United States Minor Outlying Islands", "code": "UMI"}}, {"model": "viewer.country", "pk": 223, "fields": {"country": "Uruguay", "code": "URY"}}, {"model": "viewer.country", "pk": 224, "fields": {"country": "United States", "code": "USA"}}, {"model": "viewer.country", "pk": 225, "fields": {"country": "Uzbekistan", "code": "UZB"}}, {"model": "viewer.country", "pk": 226, "fields": {"country": "Holy See (Vatican cities State)", "code": "VAT"}}, {"model": "viewer.country", "pk": 227, "fields": {"country": "Saint Vincent and the Grenadines", "code": "VCT"}}, {"model": "viewer.country", "pk": 228, "fields": {"country": "Venezuela", "code": "VEN"}}, {"model": "viewer.country", "pk": 229, "fields": {"country": "Virgin Islands, British", "code": "VGB"}}, {"model": "viewer.country", "pk": 230, "fields": {"country": "Virgin Islands, U.S.", "code": "VIR"}}, {"model": "viewer.country", "pk": 231, "fields": {"country": "Vietnam", "code": "VNM"}}, {"model": "viewer.country", "pk": 232, "fields": {"country": "Vanuatu", "code": "VUT"}}, {"model": "viewer.country", "pk": 233, "fields": {"country": "Wallis and Futuna", "code": "WLF"}}, {"model": "viewer.country", "pk": 234, "fields": {"country": "Samoa", "code": "WSM"}}, {"model": "viewer.country", "pk": 235, "fields": {"country": "Yemen", "code": "YEM"}}, {"model": "viewer.country", "pk": 236, "fields": {"country": "Yugoslavia", "code": "YUG"}}, {"model": "viewer.country", "pk": 237, "fields": {"country": "South Africa", "code": "ZAF"}}, {"model": "viewer.country", "pk": 238, "fields": {"country": "Zambia", "code": "ZMB"}}, {"model": "viewer.country", "pk": 239, "fields": {"country": "Zimbabwe", "code": "ZWE"}}, {"model": "viewer.city", "pk": 1, "fields": {"city": "Rome", "country": 107}}, {"model": "viewer.city", "pk": 2, "fields": {"city": "Paris", "country": 70}}, {"model": "viewer.city", "pk": 3, "fields": {"city": "Yellowstone", "country": 224}}, {"model": "viewer.transport", "pk": 1, "fields": {"type": "Plane"}}, {"model": "viewer.transport", "pk": 2, "fields": {"type": "Train"}}, {"model": "viewer.transport", "pk": 3, "fields": {"type": "Car"}}, {"model": "viewer.transport", "pk": 4, "fields": {"type": "On foot"}}, {"model": "viewer.transport", "pk": 5, "fields": {"type": "Boat"}}, {"model": "viewer.transport", "pk": 6, "fields": {"type": "Bike"}}, {"model": "viewer.transport", "pk": 7, "fields": {"type": "Metro"}}, {"model": "viewer.weather", "pk": 2, "fields": {"type": "Cloud"}}, {"model": "viewer.weather", "pk": 3, "fields": {"type": "Rain"}}, {"model": "viewer.weather", "pk": 4, "fields": {"type": "Sun"}}, {"model": "viewer.weather", "pk": 5, "fields": {"type": "Storm"}}, {"model": "viewer.weather", "pk": 6, "fields": {"type": "Wind"}}, {"model": "viewer.weather", "pk": 7, "fields": {"type": "Snow"}}, {"model": "viewer.weather", "pk": 8, "fields": {"type": "Fog"}}, {"model": "viewer.weather", "pk": 9, "fields": {"type": "Drizzle"}}, {"model": "viewer.weather", "pk": 10, "fields": {"type": "Hail"}}, {"model": "viewer.weather", "pk": 11, "fields": {"type": "Overcast"}}, {"model": "viewer.weather", "pk": 12, "fields": {"type": "Chill"}}, {"model": "viewer.hashtag", "pk": 1, "fields": {"hashtag": "#rome"}}, {"model": "viewer.hashtag", "pk": 2, "fields": {"hashtag": "#familytrip"}}, {"model": "viewer.hashtag", "pk": 3, "fields": {"hashtag": "#rain"}}, {"model": "viewer.hashtag", "pk": 4, "fields": {"hashtag": "#beautiful"}}, {"model": "viewer.hashtag", "pk": 5, "fields": {"hashtag": "#shorttrip"}}, {"model": "viewer.hashtag", "pk": 6, "fields": {"hashtag": "#nationalpark"}}, {"model": "viewer.hashtag", "pk": 7, "fields": {"hashtag": "#nature"}}, {"model": "viewer.entry", "pk": 1, "fields": {"entry_name": "Trip to Rome", "description": "Our very first trip to Rome.", "arrival_date": "2024-09-11", "departure_date": "2024-09-14", "stayed_for": null, "cost": "1000.00", "rating": 4, "country": [107], "City": [1], "transport": [3], "weather": [2, 4, 6], "hashtag": [2, 1]}}, {"model": "viewer.entry", "pk": 2, "fields": {"entry_name": "Rainy Paris", "description": "Last weekend, I visited Paris, and although it rained for most of the day, it didn’t ruin the experience. I started my day at the iconic Eiffel Tower, marveling at its beauty even under the gray sky. The raindrops added a magical touch to the city, making the streets glisten.\r\n\r\nAfter that, I wandered through the charming streets of Montmartre, stopping at cozy cafés to enjoy hot chocolate. I even explored the famous Louvre Museum, where I spent hours admiring the artwork, especially the Mona Lisa.\r\n\r\nAs I walked along the Seine River, the rain created a romantic atmosphere, and I took shelter under an umbrella, enjoying the sights. Despite the wet weather, my trip to Paris was unforgettable, filled with beautiful memories and the unique charm of the city in the rain.", "arrival_date": "2024-07-09", "departure_date": "2024-07-08", "stayed_for": null, "cost": "1200.00", "rating": 1200, "country": [70], "City": [2], "transport": [1, 2], "weather": [9, 3, 6], "hashtag": [4, 3, 5]}}, {"model": "viewer.entry", "pk": 3, "fields": {"entry_name": "Yellowstone National Park", "description": "Last summer, I had the incredible opportunity to visit Yellowstone National Park. From the moment I entered the park, I was amazed by the stunning landscapes and diverse wildlife. My first stop was the famous Old Faithful geyser, which erupted right on schedule, sending hot steam high into the air.\r\n\r\nI also explored the colorful hot springs, like the Grand Prismatic Spring, with its vibrant blue and orange hues. It looked like a painting come to life! Hiking through the trails, I spotted bison grazing peacefully and even a few deer.\r\n\r\nOne of the highlights of my trip was the breathtaking views from the Grand Canyon of the Yellowstone, where I stood in awe of the cascading waterfalls. Each day was an adventure filled with natural beauty and unforgettable moments. Yellowstone truly felt like a wild paradise, and I can’t wait to go back!", "arrival_date": "2024-09-24", "departure_date": null, "stayed_for": null, "cost": "750.00", "rating": 5, "country": [224], "City": [3], "transport": [4], "weather": [12, 2, 6], "hashtag": [6, 7]}}, {"model": "viewer.image", "pk": 1, "fields": {"image": "images/rome1.jpg", "description": "Rome img", "entry": 1}}, {"model": "viewer.image", "pk": 2, "fields": {"image": "images/paris-rain-louvre.jpg", "description": "Me with an umbrella", "entry": 2}}, {"model": "viewer.image", "pk": 3, "fields": {"image": "images/paris2.webp", "description": "Eiffel Tower", "entry": 2}}, {"model": "viewer.image", "pk": 4, "fields": {"image": "images/yellowstone.jpg", "description": "Yellowstone National Park", "entry": 3}}]