[{"model": "viewer.country", "pk": 1, "fields": {"country": "Aruba", "code": "ABW"}}, {"model": "viewer.country", "pk": 2, "fields": {"country": "Afghanistan", "code": "AFG"}}, {"model": "viewer.country", "pk": 3, "fields": {"country": "Angola", "code": "AGO"}}, {"model": "viewer.country", "pk": 4, "fields": {"country": "Anguilla", "code": "AIA"}}, {"model": "viewer.country", "pk": 5, "fields": {"country": "Albania", "code": "ALB"}}, {"model": "viewer.country", "pk": 6, "fields": {"country": "Andorra", "code": "AND"}}, {"model": "viewer.country", "pk": 7, "fields": {"country": "Netherlands Antilles", "code": "ANT"}}, {"model": "viewer.country", "pk": 8, "fields": {"country": "United Arab Emirates", "code": "ARE"}}, {"model": "viewer.country", "pk": 9, "fields": {"country": "Argentina", "code": "ARG"}}, {"model": "viewer.country", "pk": 10, "fields": {"country": "Armenia", "code": "ARM"}}, {"model": "viewer.country", "pk": 11, "fields": {"country": "American Samoa", "code": "ASM"}}, {"model": "viewer.country", "pk": 12, "fields": {"country": "Antarctica", "code": "ATA"}}, {"model": "viewer.country", "pk": 13, "fields": {"country": "French Southern territories", "code": "ATF"}}, {"model": "viewer.country", "pk": 14, "fields": {"country": "Antigua and Barbuda", "code": "ATG"}}, {"model": "viewer.country", "pk": 15, "fields": {"country": "Australia", "code": "AUS"}}, {"model": "viewer.country", "pk": 16, "fields": {"country": "Austria", "code": "AUT"}}, {"model": "viewer.country", "pk": 17, "fields": {"country": "Azerbaijan", "code": "AZE"}}, {"model": "viewer.country", "pk": 18, "fields": {"country": "Burundi", "code": "BDI"}}, {"model": "viewer.country", "pk": 19, "fields": {"country": "Belgium", "code": "BEL"}}, {"model": "viewer.country", "pk": 20, "fields": {"country": "Benin", "code": "BEN"}}, {"model": "viewer.country", "pk": 21, "fields": {"country": "Burkina Faso", "code": "BFA"}}, {"model": "viewer.country", "pk": 22, "fields": {"country": "Bangladesh", "code": "BGD"}}, {"model": "viewer.country", "pk": 23, "fields": {"country": "Bulgaria", "code": "BGR"}}, {"model": "viewer.country", "pk": 24, "fields": {"country": "Bahrain", "code": "BHR"}}, {"model": "viewer.country", "pk": 25, "fields": {"country": "Bahamas", "code": "BHS"}}, {"model": "viewer.country", "pk": 26, "fields": {"country": "Bosnia and Herzegovina", "code": "BIH"}}, {"model": "viewer.country", "pk": 27, "fields": {"country": "Belarus", "code": "BLR"}}, {"model": "viewer.country", "pk": 28, "fields": {"country": "Belize", "code": "BLZ"}}, {"model": "viewer.country", "pk": 29, "fields": {"country": "Bermuda", "code": "BMU"}}, {"model": "viewer.country", "pk": 30, "fields": {"country": "Bolivia", "code": "BOL"}}, {"model": "viewer.country", "pk": 31, "fields": {"country": "Brazil", "code": "BRA"}}, {"model": "viewer.country", "pk": 32, "fields": {"country": "Barbados", "code": "BRB"}}, {"model": "viewer.country", "pk": 33, "fields": {"country": "Brunei", "code": "BRN"}}, {"model": "viewer.country", "pk": 34, "fields": {"country": "Bhutan", "code": "BTN"}}, {"model": "viewer.country", "pk": 35, "fields": {"country": "Bouvet Island", "code": "BVT"}}, {"model": "viewer.country", "pk": 36, "fields": {"country": "Botswana", "code": "BWA"}}, {"model": "viewer.country", "pk": 37, "fields": {"country": "Central African Republic", "code": "CAF"}}, {"model": "viewer.country", "pk": 38, "fields": {"country": "Canada", "code": "CAN"}}, {"model": "viewer.country", "pk": 39, "fields": {"country": "Cocos (Keeling) Islands", "code": "CCK"}}, {"model": "viewer.country", "pk": 40, "fields": {"country": "Côte d’Ivoire", "code": "CIV"}}, {"model": "viewer.country", "pk": 41, "fields": {"country": "Cameroon", "code": "CMR"}}, {"model": "viewer.country", "pk": 42, "fields": {"country": "Congo, The Democratic Republic of the", "code": "COD"}}, {"model": "viewer.country", "pk": 43, "fields": {"country": "Congo", "code": "COG"}}, {"model": "viewer.country", "pk": 44, "fields": {"country": "Cook Islands", "code": "COK"}}, {"model": "viewer.country", "pk": 45, "fields": {"country": "Colombia", "code": "COL"}}, {"model": "viewer.country", "pk": 46, "fields": {"country": "Comoros", "code": "COM"}}, {"model": "viewer.country", "pk": 47, "fields": {"country": "Cape Verde", "code": "CPV"}}, {"model": "viewer.country", "pk": 48, "fields": {"country": "Costa Rica", "code": "CRI"}}, {"model": "viewer.country", "pk": 49, "fields": {"country": "Cuba", "code": "CUB"}}, {"model": "viewer.country", "pk": 50, "fields": {"country": "Christmas Island", "code": "CXR"}}, {"model": "viewer.country", "pk": 51, "fields": {"country": "Cayman Islands", "code": "CYM"}}, {"model": "viewer.country", "pk": 52, "fields": {"country": "Cyprus", "code": "CYP"}}, {"model": "viewer.country", "pk": 53, "fields": {"country": "Czech Republic", "code": "CZE"}}, {"model": "viewer.country", "pk": 54, "fields": {"country": "Germany", "code": "DEU"}}, {"model": "viewer.country", "pk": 55, "fields": {"country": "Djibouti", "code": "DJI"}}, {"model": "viewer.country", "pk": 56, "fields": {"country": "Dominica", "code": "DMA"}}, {"model": "viewer.country", "pk": 57, "fields": {"country": "Denmark", "code": "DNK"}}, {"model": "viewer.country", "pk": 58, "fields": {"country": "Dominican Republic", "code": "DOM"}}, {"model": "viewer.country", "pk": 59, "fields": {"country": "Algeria", "code": "DZA"}}, {"model": "viewer.country", "pk": 60, "fields": {"country": "Ecuador", "code": "ECU"}}, {"model": "viewer.country", "pk": 61, "fields": {"country": "Egypt", "code": "EGY"}}, {"model": "viewer.country", "pk": 62, "fields": {"country": "Eritrea", "code": "ERI"}}, {"model": "viewer.country", "pk": 63, "fields": {"country": "Western Sahara", "code": "ESH"}}, {"model": "viewer.country", "pk": 64, "fields": {"country": "Spain", "code": "ESP"}}, {"model": "viewer.country", "pk": 65, "fields": {"country": "Estonia", "code": "EST"}}, {"model": "viewer.country", "pk": 66, "fields": {"country": "Ethiopia", "code": "ETH"}}, {"model": "viewer.country", "pk": 67, "fields": {"country": "Finland", "code": "FIN"}}, {"model": "viewer.country", "pk": 68, "fields": {"country": "Fiji Islands", "code": "FJI"}}, {"model": "viewer.country", "pk": 69, "fields": {"country": "Falkland Islands", "code": "FLK"}}, {"model": "viewer.country", "pk": 70, "fields": {"country": "France", "code": "FRA"}}, {"model": "viewer.country", "pk": 71, "fields": {"country": "Faroe Islands", "code": "FRO"}}, {"model": "viewer.country", "pk": 72, "fields": {"country": "Micronesia, Federated States of", "code": "FSM"}}, {"model": "viewer.country", "pk": 73, "fields": {"country": "Gabon", "code": "GAB"}}, {"model": "viewer.country", "pk": 74, "fields": {"country": "United Kingdom", "code": "GBR"}}, {"model": "viewer.country", "pk": 75, "fields": {"country": "Georgia", "code": "GEO"}}, {"model": "viewer.country", "pk": 76, "fields": {"country": "Ghana", "code": "GHA"}}, {"model": "viewer.country", "pk": 77, "fields": {"country": "Gibraltar", "code": "GIB"}}, {"model": "viewer.country", "pk": 78, "fields": {"country": "Guinea", "code": "GIN"}}, {"model": "viewer.country", "pk": 79, "fields": {"country": "Guadeloupe", "code": "GLP"}}, {"model": "viewer.country", "pk": 80, "fields": {"country": "Gambia", "code": "GMB"}}, {"model": "viewer.country", "pk": 81, "fields": {"country": "Guinea-Bissau", "code": "GNB"}}, {"model": "viewer.country", "pk": 82, "fields": {"country": "Equatorial Guinea", "code": "GNQ"}}, {"model": "viewer.country", "pk": 83, "fields": {"country": "Greece", "code": "GRC"}}, {"model": "viewer.country", "pk": 84, "fields": {"country": "Grenada", "code": "GRD"}}, {"model": "viewer.country", "pk": 85, "fields": {"country": "Greenland", "code": "GRL"}}, {"model": "viewer.country", "pk": 86, "fields": {"country": "Guatemala", "code": "GTM"}}, {"model": "viewer.country", "pk": 87, "fields": {"country": "French Guiana", "code": "GUF"}}, {"model": "viewer.country", "pk": 88, "fields": {"country": "Guam", "code": "GUM"}}, {"model": "viewer.country", "pk": 89, "fields": {"country": "Guyana", "code": "GUY"}}, {"model": "viewer.country", "pk": 90, "fields": {"country": "Hong Kong", "code": "HKG"}}, {"model": "viewer.country", "pk": 91, "fields": {"country": "Heard Island and McDonald Islands", "code": "HMD"}}, {"model": "viewer.country", "pk": 92, "fields": {"country": "Honduras", "code": "HND"}}, {"model": "viewer.country", "pk": 93, "fields": {"country": "Croatia", "code": "HRV"}}, {"model": "viewer.country", "pk": 94, "fields": {"country": "Haiti", "code": "HTI"}}, {"model": "viewer.country", "pk": 95, "fields": {"country": "Hungary", "code": "HUN"}}, {"model": "viewer.country", "pk": 96, "fields": {"country": "Switzerland", "code": "CHE"}}, {"model": "viewer.country", "pk": 97, "fields": {"country": "Chile", "code": "CHL"}}, {"model": "viewer.country", "pk": 98, "fields": {"country": "China", "code": "CHN"}}, {"model": "viewer.country", "pk": 99, "fields": {"country": "Indonesia", "code": "IDN"}}, {"model": "viewer.country", "pk": 100, "fields": {"country": "India", "code": "IND"}}, {"model": "viewer.country", "pk": 101, "fields": {"country": "British Indian Ocean Territory", "code": "IOT"}}, {"model": "viewer.country", "pk": 102, "fields": {"country": "Ireland", "code": "IRL"}}, {"model": "viewer.country", "pk": 103, "fields": {"country": "Iran", "code": "IRN"}}, {"model": "viewer.country", "pk": 104, "fields": {"country": "Iraq", "code": "IRQ"}}, {"model": "viewer.country", "pk": 105, "fields": {"country": "Iceland", "code": "ISL"}}, {"model": "viewer.country", "pk": 106, "fields": {"country": "Israel", "code": "ISR"}}, {"model": "viewer.country", "pk": 107, "fields": {"country": "Italy", "code": "ITA"}}, {"model": "viewer.country", "pk": 108, "fields": {"country": "Jamaica", "code": "JAM"}}, {"model": "viewer.country", "pk": 109, "fields": {"country": "Jordan", "code": "JOR"}}, {"model": "viewer.country", "pk": 110, "fields": {"country": "Japan", "code": "JPN"}}, {"model": "viewer.country", "pk": 111, "fields": {"country": "Kazakstan", "code": "KAZ"}}, {"model": "viewer.country", "pk": 112, "fields": {"country": "Kenya", "code": "KEN"}}, {"model": "viewer.country", "pk": 113, "fields": {"country": "Kyrgyzstan", "code": "KGZ"}}, {"model": "viewer.country", "pk": 114, "fields": {"country": "Cambodia", "code": "KHM"}}, {"model": "viewer.country", "pk": 115, "fields": {"country": "Kiribati", "code": "KIR"}}, {"model": "viewer.country", "pk": 116, "fields": {"country": "Saint Kitts and Nevis", "code": "KNA"}}, {"model": "viewer.country", "pk": 117, "fields": {"country": "South Korea", "code": "KOR"}}, {"model": "viewer.country", "pk": 118, "fields": {"country": "Kuwait", "code": "KWT"}}, {"model": "viewer.country", "pk": 119, "fields": {"country": "Laos", "code": "LAO"}}, {"model": "viewer.country", "pk": 120, "fields": {"country": "Lebanon", "code": "LBN"}}, {"model": "viewer.country", "pk": 121, "fields": {"country": "Liberia", "code": "LBR"}}, {"model": "viewer.country", "pk": 122, "fields": {"country": "Libyan Arab Jamahiriya", "code": "LBY"}}, {"model": "viewer.country", "pk": 123, "fields": {"country": "Saint Lucia", "code": "LCA"}}, {"model": "viewer.country", "pk": 124, "fields": {"country": "Liechtenstein", "code": "LIE"}}, {"model": "viewer.country", "pk": 125, "fields": {"country": "Sri Lanka", "code": "LKA"}}, {"model": "viewer.country", "pk": 126, "fields": {"country": "Lesotho", "code": "LSO"}}, {"model": "viewer.country", "pk": 127, "fields": {"country": "Lithuania", "code": "LTU"}}, {"model": "viewer.country", "pk": 128, "fields": {"country": "Luxembourg", "code": "LUX"}}, {"model": "viewer.country", "pk": 129, "fields": {"country": "Latvia", "code": "LVA"}}, {"model": "viewer.country", "pk": 130, "fields": {"country": "Macao", "code": "MAC"}}, {"model": "viewer.country", "pk": 131, "fields": {"country": "Morocco", "code": "MAR"}}, {"model": "viewer.country", "pk": 132, "fields": {"country": "Monaco", "code": "MCO"}}, {"model": "viewer.country", "pk": 133, "fields": {"country": "Moldova", "code": "MDA"}}, {"model": "viewer.country", "pk": 134, "fields": {"country": "Madagascar", "code": "MDG"}}, {"model": "viewer.country", "pk": 135, "fields": {"country": "Maldives", "code": "MDV"}}, {"model": "viewer.country", "pk": 136, "fields": {"country": "Mexico", "code": "MEX"}}, {"model": "viewer.country", "pk": 137, "fields": {"country": "Marshall Islands", "code": "MHL"}}, {"model": "viewer.country", "pk": 138, "fields": {"country": "Macedonia", "code": "MKD"}}, {"model": "viewer.country", "pk": 139, "fields": {"country": "Mali", "code": "MLI"}}, {"model": "viewer.country", "pk": 140, "fields": {"country": "Malta", "code": "MLT"}}, {"model": "viewer.country", "pk": 141, "fields": {"country": "Myanmar", "code": "MMR"}}, {"model": "viewer.country", "pk": 142, "fields": {"country": "Mongolia", "code": "MNG"}}, {"model": "viewer.country", "pk": 143, "fields": {"country": "Northern Mariana Islands", "code": "MNP"}}, {"model": "viewer.country", "pk": 144, "fields": {"country": "Mozambique", "code": "MOZ"}}, {"model": "viewer.country", "pk": 145, "fields": {"country": "Mauritania", "code": "MRT"}}, {"model": "viewer.country", "pk": 146, "fields": {"country": "Montserrat", "code": "MSR"}}, {"model": "viewer.country", "pk": 147, "fields": {"country": "Martinique", "code": "MTQ"}}, {"model": "viewer.country", "pk": 148, "fields": {"country": "Mauritius", "code": "MUS"}}, {"model": "viewer.country", "pk": 149, "fields": {"country": "Malawi", "code": "MWI"}}, {"model": "viewer.country", "pk": 150, "fields": {"country": "Malaysia", "code": "MYS"}}, {"model": "viewer.country", "pk": 151, "fields": {"country": "Mayotte", "code": "MYT"}}, {"model": "viewer.country", "pk": 152, "fields": {"country": "Namibia", "code": "NAM"}}, {"model": "viewer.country", "pk": 153, "fields": {"country": "New Caledonia", "code": "NCL"}}, {"model": "viewer.country", "pk": 154, "fields": {"country": "Niger", "code": "NER"}}, {"model": "viewer.country", "pk": 155, "fields": {"country": "Norfolk Island", "code": "NFK"}}, {"model": "viewer.country", "pk": 156, "fields": {"country": "Nigeria", "code": "NGA"}}, {"model": "viewer.country", "pk": 157, "fields": {"country": "Nicaragua", "code": "NIC"}}, {"model": "viewer.country", "pk": 158, "fields": {"country": "Niue", "code": "NIU"}}, {"model": "viewer.country", "pk": 159, "fields": {"country": "Netherlands", "code": "NLD"}}, {"model": "viewer.country", "pk": 160, "fields": {"country": "Norway", "code": "NOR"}}, {"model": "viewer.country", "pk": 161, "fields": {"country": "Nepal", "code": "NPL"}}, {"model": "viewer.country", "pk": 162, "fields": {"country": "Nauru", "code": "NRU"}}, {"model": "viewer.country", "pk": 163, "fields": {"country": "New Zealand", "code": "NZL"}}, {"model": "viewer.country", "pk": 164, "fields": {"country": "Oman", "code": "OMN"}}, {"model": "viewer.country", "pk": 165, "fields": {"country": "Pakistan", "code": "PAK"}}, {"model": "viewer.country", "pk": 166, "fields": {"country": "Panama", "code": "PAN"}}, {"model": "viewer.country", "pk": 167, "fields": {"country": "Pitcairn", "code": "PCN"}}, {"model": "viewer.country", "pk": 168, "fields": {"country": "Peru", "code": "PER"}}, {"model": "viewer.country", "pk": 169, "fields": {"country": "Philippines", "code": "PHL"}}, {"model": "viewer.country", "pk": 170, "fields": {"country": "Palau", "code": "PLW"}}, {"model": "viewer.country", "pk": 171, "fields": {"country": "Papua New Guinea", "code": "PNG"}}, {"model": "viewer.country", "pk": 172, "fields": {"country": "Poland", "code": "POL"}}, {"model": "viewer.country", "pk": 173, "fields": {"country": "Puerto Rico", "code": "PRI"}}, {"model": "viewer.country", "pk": 174, "fields": {"country": "North Korea", "code": "PRK"}}, {"model": "viewer.country", "pk": 175, "fields": {"country": "Portugal", "code": "PRT"}}, {"model": "viewer.country", "pk": 176, "fields": {"country": "Paraguay", "code": "PRY"}}, {"model": "viewer.country", "pk": 177, "fields": {"country": "Palestine", "code": "PSE"}}, {"model": "viewer.country", "pk": 178, "fields": {"country": "French Polynesia", "code": "PYF"}}, {"model": "viewer.country", "pk": 179, "fields": {"country": "Qatar", "code": "QAT"}}, {"model": "viewer.country", "pk": 180, "fields": {"country": "Réunion", "code": "REU"}}, {"model": "viewer.country", "pk": 181, "fields": {"country": "Romania", "code": "ROM"}}, {"model": "viewer.country", "pk": 182, "fields": {"country": "Russian Federation", "code": "RUS"}}, {"model": "viewer.country", "pk": 183, "fields": {"country": "Rwanda", "code": "RWA"}}, {"model": "viewer.country", "pk": 184, "fields": {"country": "Saudi Arabia", "code": "SAU"}}, {"model": "viewer.country", "pk": 185, "fields": {"country": "Sudan", "code": "SDN"}}, {"model": "viewer.country", "pk": 186, "fields": {"country": "Senegal", "code": "SEN"}}, {"model": "viewer.country", "pk": 187, "fields": {"country": "Singapore", "code": "SGP"}}, {"model": "viewer.country", "pk": 188, "fields": {"country": "South Georgia and the South Sandwich Islands", "code": "SGS"}}, {"model": "viewer.country", "pk": 189, "fields": {"country": "Saint Helena", "code": "SHN"}}, {"model": "viewer.country", "pk": 190, "fields": {"country": "Svalbard and Jan Mayen", "code": "SJM"}}, {"model": "viewer.country", "pk": 191, "fields": {"country": "Solomon Islands", "code": "SLB"}}, {"model": "viewer.country", "pk": 192, "fields": {"country": "Sierra Leone", "code": "SLE"}}, {"model": "viewer.country", "pk": 193, "fields": {"country": "El Salvador", "code": "SLV"}}, {"model": "viewer.country", "pk": 194, "fields": {"country": "San Marino", "code": "SMR"}}, {"model": "viewer.country", "pk": 195, "fields": {"country": "Somalia", "code": "SOM"}}, {"model": "viewer.country", "pk": 196, "fields": {"country": "Saint Pierre and Miquelon", "code": "SPM"}}, {"model": "viewer.country", "pk": 197, "fields": {"country": "Sao Tome and Principe", "code": "STP"}}, {"model": "viewer.country", "pk": 198, "fields": {"country": "Suriname", "code": "SUR"}}, {"model": "viewer.country", "pk": 199, "fields": {"country": "Slovakia", "code": "SVK"}}, {"model": "viewer.country", "pk": 200, "fields": {"country": "Slovenia", "code": "SVN"}}, {"model": "viewer.country", "pk": 201, "fields": {"country": "Sweden", "code": "SWE"}}, {"model": "viewer.country", "pk": 202, "fields": {"country": "Swaziland", "code": "SWZ"}}, {"model": "viewer.country", "pk": 203, "fields": {"country": "Seychelles", "code": "SYC"}}, {"model": "viewer.country", "pk": 204, "fields": {"country": "Syria", "code": "SYR"}}, {"model": "viewer.country", "pk": 205, "fields": {"country": "Turks and Caicos Islands", "code": "TCA"}}, {"model": "viewer.country", "pk": 206, "fields": {"country": "Chad", "code": "TCD"}}, {"model": "viewer.country", "pk": 207, "fields": {"country": "Togo", "code": "TGO"}}, {"model": "viewer.country", "pk": 208, "fields": {"country": "Thailand", "code": "THA"}}, {"model": "viewer.country", "pk": 209, "fields": {"country": "Tajikistan", "code": "TJK"}}, {"model": "viewer.country", "pk": 210, "fields": {"country": "Tokelau", "code": "TKL"}}, {"model": "viewer.country", "pk": 211, "fields": {"country": "Turkmenistan", "code": "TKM"}}, {"model": "viewer.country", "pk": 212, "fields": {"country": "East Timor", "code": "TMP"}}, {"model": "viewer.country", "pk": 213, "fields": {"country": "Tonga", "code": "TON"}}, {"model": "viewer.country", "pk": 214, "fields": {"country": "Trinidad and Tobago", "code": "TTO"}}, {"model": "viewer.country", "pk": 215, "fields": {"country": "Tunisia", "code": "TUN"}}, {"model": "viewer.country", "pk": 216, "fields": {"country": "Turkey", "code": "TUR"}}, {"model": "viewer.country", "pk": 217, "fields": {"country": "Tuvalu", "code": "TUV"}}, {"model": "viewer.country", "pk": 218, "fields": {"country": "Taiwan", "code": "TWN"}}, {"model": "viewer.country", "pk": 219, "fields": {"country": "Tanzania", "code": "TZA"}}, {"model": "viewer.country", "pk": 220, "fields": {"country": "Uganda", "code": "UGA"}}, {"model": "viewer.country", "pk": 221, "fields": {"country": "Ukraine", "code": "UKR"}}, {"model": "viewer.country", "pk": 222, "fields": {"country": "United States Minor Outlying Islands", "code": "UMI"}}, {"model": "viewer.country", "pk": 223, "fields": {"country": "Uruguay", "code": "URY"}}, {"model": "viewer.country", "pk": 224, "fields": {"country": "United States", "code": "USA"}}, {"model": "viewer.country", "pk": 225, "fields": {"country": "Uzbekistan", "code": "UZB"}}, {"model": "viewer.country", "pk": 226, "fields": {"country": "Holy See (Vatican cities State)", "code": "VAT"}}, {"model": "viewer.country", "pk": 227, "fields": {"country": "Saint Vincent and the Grenadines", "code": "VCT"}}, {"model": "viewer.country", "pk": 228, "fields": {"country": "Venezuela", "code": "VEN"}}, {"model": "viewer.country", "pk": 229, "fields": {"country": "Virgin Islands, British", "code": "VGB"}}, {"model": "viewer.country", "pk": 230, "fields": {"country": "Virgin Islands, U.S.", "code": "VIR"}}, {"model": "viewer.country", "pk": 231, "fields": {"country": "Vietnam", "code": "VNM"}}, {"model": "viewer.country", "pk": 232, "fields": {"country": "Vanuatu", "code": "VUT"}}, {"model": "viewer.country", "pk": 233, "fields": {"country": "Wallis and Futuna", "code": "WLF"}}, {"model": "viewer.country", "pk": 234, "fields": {"country": "Samoa", "code": "WSM"}}, {"model": "viewer.country", "pk": 235, "fields": {"country": "Yemen", "code": "YEM"}}, {"model": "viewer.country", "pk": 236, "fields": {"country": "Yugoslavia", "code": "YUG"}}, {"model": "viewer.country", "pk": 237, "fields": {"country": "South Africa", "code": "ZAF"}}, {"model": "viewer.country", "pk": 238, "fields": {"country": "Zambia", "code": "ZMB"}}, {"model": "viewer.country", "pk": 239, "fields": {"country": "Zimbabwe", "code": "ZWE"}}, {"model": "viewer.place", "pk": 1, "fields": {"place": "Rome", "country": 107}}, {"model": "viewer.place", "pk": 2, "fields": {"place": "Paris", "country": 70}}, {"model": "viewer.place", "pk": 3, "fields": {"place": "Yellowstone", "country": 224}}, {"model": "viewer.place", "pk": 4, "fields": {"place": "dd", "country": 1}}, {"model": "viewer.place", "pk": 5, "fields": {"place": "Test2", "country": 2}}, {"model": "viewer.place", "pk": 6, "fields": {"place": "test3", "country": 59}}, {"model": "viewer.place", "pk": 7, "fields": {"place": "test4", "country": 3}}, {"model": "viewer.place", "pk": 8, "fields": {"place": "test5", "country": 37}}, {"model": "viewer.place", "pk": 9, "fields": {"place": "test6", "country": 2}}, {"model": "viewer.place", "pk": 10, "fields": {"place": "test6", "country": 4}}, {"model": "viewer.place", "pk": 11, "fields": {"place": "Test-trip", "country": 40}}, {"model": "viewer.place", "pk": 12, "fields": {"place": "Test4 Trip", "country": 33}}, {"model": "viewer.place", "pk": 13, "fields": {"place": "TestValidation", "country": 2}}, {"model": "viewer.place", "pk": 14, "fields": {"place": "TestValidation3", "country": 32}}, {"model": "viewer.place", "pk": 15, "fields": {"place": "f", "country": 1}}, {"model": "viewer.place", "pk": 16, "fields": {"place": "TestValidation5", "country": 14}}, {"model": "viewer.place", "pk": 17, "fields": {"place": "TestValidation6", "country": 3}}, {"model": "viewer.place", "pk": 18, "fields": {"place": "TestValidation6TestValidation6", "country": 3}}, {"model": "viewer.place", "pk": 19, "fields": {"place": "TestPrivate", "country": 1}}, {"model": "viewer.place", "pk": 20, "fields": {"place": "TestPrivate4", "country": 1}}, {"model": "viewer.place", "pk": 21, "fields": {"place": "TestPrivate5", "country": 1}}, {"model": "viewer.place", "pk": 22, "fields": {"place": "TestPrivate6", "country": 1}}, {"model": "viewer.place", "pk": 23, "fields": {"place": "efqe", "country": 1}}, {"model": "viewer.place", "pk": 24, "fields": {"place": "ag", "country": 1}}, {"model": "viewer.place", "pk": 25, "fields": {"place": "TestPublic", "country": 1}}, {"model": "viewer.place", "pk": 26, "fields": {"place": "TestPrivate9", "country": 1}}, {"model": "viewer.place", "pk": 27, "fields": {"place": "dddddddddd", "country": 1}}, {"model": "viewer.place", "pk": 28, "fields": {"place": "ssss", "country": 1}}, {"model": "viewer.place", "pk": 29, "fields": {"place": "aaaa", "country": 1}}, {"model": "viewer.place", "pk": 30, "fields": {"place": "eeee", "country": 1}}, {"model": "viewer.place", "pk": 31, "fields": {"place": "Berlin", "country": 54}}, {"model": "viewer.place", "pk": 32, "fields": {"place": "A1", "country": 1}}, {"model": "viewer.place", "pk": 33, "fields": {"place": "A2", "country": 1}}, {"model": "viewer.place", "pk": 34, "fields": {"place": "A3", "country": 1}}, {"model": "viewer.place", "pk": 35, "fields": {"place": "A4", "country": 1}}, {"model": "viewer.place", "pk": 36, "fields": {"place": "A5", "country": 1}}, {"model": "viewer.place", "pk": 37, "fields": {"place": "A9", "country": 1}}, {"model": "viewer.place", "pk": 38, "fields": {"place": "A10", "country": 1}}, {"model": "viewer.place", "pk": 39, "fields": {"place": "g", "country": 1}}, {"model": "viewer.place", "pk": 40, "fields": {"place": "d", "country": 1}}, {"model": "viewer.place", "pk": 41, "fields": {"place": "Prague", "country": 1}}, {"model": "viewer.place", "pk": 42, "fields": {"place": "A", "country": 13}}, {"model": "viewer.place", "pk": 43, "fields": {"place": "Prague", "country": 53}}, {"model": "viewer.place", "pk": 44, "fields": {"place": "Creta", "country": 68}}, {"model": "viewer.place", "pk": 45, "fields": {"place": "Creta", "country": 83}}, {"model": "viewer.place", "pk": 46, "fields": {"place": "Creta", "country": 1}}, {"model": "viewer.place", "pk": 47, "fields": {"place": "Ostrava", "country": 1}}, {"model": "viewer.place", "pk": 48, "fields": {"place": "Ostrava", "country": 53}}, {"model": "viewer.place", "pk": 49, "fields": {"place": "BERLÍN", "country": 1}}, {"model": "viewer.place", "pk": 50, "fields": {"place": "BERLÍN", "country": 54}}, {"model": "viewer.place", "pk": 51, "fields": {"place": "Postdam", "country": 54}}, {"model": "viewer.place", "pk": 52, "fields": {"place": "Petrin Hill", "country": 53}}, {"model": "viewer.place", "pk": 53, "fields": {"place": "Prague Castle", "country": 53}}, {"model": "viewer.place", "pk": 54, "fields": {"place": "Charles Bridge", "country": 53}}, {"model": "viewer.place", "pk": 55, "fields": {"place": "Walk of Fame", "country": 224}}, {"model": "viewer.place", "pk": 56, "fields": {"place": "Hollywood", "country": 224}}, {"model": "viewer.place", "pk": 57, "fields": {"place": "Los Angeles", "country": 224}}, {"model": "viewer.place", "pk": 58, "fields": {"place": "Disneyland", "country": 224}}, {"model": "viewer.place", "pk": 59, "fields": {"place": "Vienna", "country": 16}}, {"model": "viewer.place", "pk": 60, "fields": {"place": "Schönbrunn Palace", "country": 16}}, {"model": "viewer.transport", "pk": 1, "fields": {"type": "plane"}}, {"model": "viewer.transport", "pk": 2, "fields": {"type": "train"}}, {"model": "viewer.transport", "pk": 3, "fields": {"type": "car"}}, {"model": "viewer.transport", "pk": 4, "fields": {"type": "on_foot"}}, {"model": "viewer.transport", "pk": 5, "fields": {"type": "boat"}}, {"model": "viewer.transport", "pk": 6, "fields": {"type": "bike"}}, {"model": "viewer.transport", "pk": 7, "fields": {"type": "metro"}}, {"model": "viewer.transport", "pk": 8, "fields": {"type": "horse"}}, {"model": "viewer.transport", "pk": 9, "fields": {"type": "bus"}}, {"model": "viewer.transport", "pk": 10, "fields": {"type": "cable_car"}}, {"model": "viewer.weather", "pk": 3, "fields": {"type": "rain"}}, {"model": "viewer.weather", "pk": 4, "fields": {"type": "sun"}}, {"model": "viewer.weather", "pk": 5, "fields": {"type": "storm"}}, {"model": "viewer.weather", "pk": 6, "fields": {"type": "wind"}}, {"model": "viewer.weather", "pk": 7, "fields": {"type": "snow"}}, {"model": "viewer.weather", "pk": 8, "fields": {"type": "fog"}}, {"model": "viewer.weather", "pk": 10, "fields": {"type": "hail"}}, {"model": "viewer.weather", "pk": 11, "fields": {"type": "overcast"}}, {"model": "viewer.weather", "pk": 12, "fields": {"type": "chill"}}, {"model": "viewer.weather", "pk": 13, "fields": {"type": "hot"}}, {"model": "viewer.hashtag", "pk": 1, "fields": {"hashtag": "rome"}}, {"model": "viewer.hashtag", "pk": 2, "fields": {"hashtag": "familytrip"}}, {"model": "viewer.hashtag", "pk": 3, "fields": {"hashtag": "rain"}}, {"model": "viewer.hashtag", "pk": 4, "fields": {"hashtag": "beautiful"}}, {"model": "viewer.hashtag", "pk": 5, "fields": {"hashtag": "shorttrip"}}, {"model": "viewer.hashtag", "pk": 6, "fields": {"hashtag": "nationalpark"}}, {"model": "viewer.hashtag", "pk": 7, "fields": {"hashtag": "nature"}}, {"model": "viewer.hashtag", "pk": 8, "fields": {"hashtag": "test"}}, {"model": "viewer.hashtag", "pk": 9, "fields": {"hashtag": "test3"}}, {"model": "viewer.hashtag", "pk": 10, "fields": {"hashtag": "trip"}}, {"model": "viewer.hashtag", "pk": 11, "fields": {"hashtag": "berlin"}}, {"model": "viewer.hashtag", "pk": 12, "fields": {"hashtag": "germany"}}, {"model": "viewer.hashtag", "pk": 13, "fields": {"hashtag": "rainyday"}}, {"model": "viewer.hashtag", "pk": 14, "fields": {"hashtag": "disneyland"}}, {"model": "viewer.hashtag", "pk": 15, "fields": {"hashtag": "badweather"}}, {"model": "viewer.entry", "pk": 1, "fields": {"entry_name": "Trip to Rome", "author": 1, "description": "Our very first trip to Rome.", "arrival_date": "2024-09-11", "departure_date": "2024-09-14", "stayed_for": null, "cost": "1000.00", "currency": "USD", "rating": 4, "is_private": false, "country": [107], "place": [1], "transport": [3], "weather": [4, 6], "hashtag": [2, 1]}}, {"model": "viewer.entry", "pk": 2, "fields": {"entry_name": "Rainy Paris", "author": 1, "description": "Last weekend, I visited Paris, and although it rained for most of the day, it didn’t ruin the experience. I started my day at the iconic Eiffel Tower, marveling at its beauty even under the gray sky. The raindrops added a magical touch to the city, making the streets glisten.\r\n\r\nAfter that, I wandered through the charming streets of Montmartre, stopping at cozy cafés to enjoy hot chocolate. I even explored the famous Louvre Museum, where I spent hours admiring the artwork, especially the Mona Lisa.\r\n\r\nAs I walked along the Seine River, the rain created a romantic atmosphere, and I took shelter under an umbrella, enjoying the sights. Despite the wet weather, my trip to Paris was unforgettable, filled with beautiful memories and the unique charm of the city in the rain.", "arrival_date": "2024-07-09", "departure_date": "2024-07-08", "stayed_for": null, "cost": "1200.00", "currency": "USD", "rating": 3, "is_private": false, "country": [70], "place": [2], "transport": [1, 2], "weather": [3, 6], "hashtag": [4, 3, 5]}}, {"model": "viewer.entry", "pk": 3, "fields": {"entry_name": "Yellowstone National Park", "author": 1, "description": "Last summer, I had the incredible opportunity to visit Yellowstone National Park. From the moment I entered the park, I was amazed by the stunning landscapes and diverse wildlife. My first stop was the famous Old Faithful geyser, which erupted right on schedule, sending hot steam high into the air.\r\n\r\nI also explored the colorful hot springs, like the Grand Prismatic Spring, with its vibrant blue and orange hues. It looked like a painting come to life! Hiking through the trails, I spotted bison grazing peacefully and even a few deer.\r\n\r\nOne of the highlights of my trip was the breathtaking views from the Grand Canyon of the Yellowstone, where I stood in awe of the cascading waterfalls. Each day was an adventure filled with natural beauty and unforgettable moments. Yellowstone truly felt like a wild paradise, and I can’t wait to go back!", "arrival_date": "2024-09-24", "departure_date": null, "stayed_for": null, "cost": "750.00", "currency": "USD", "rating": 5, "is_private": false, "country": [224], "place": [3], "transport": [4], "weather": [12, 6], "hashtag": [6, 7]}}, {"model": "viewer.entry", "pk": 51, "fields": {"entry_name": "Trip to Berlin & Potsdam", "author": 7, "description": "My trip to Berlin was a mix of excitement and discovery, though not without a few challenges. Berlin’s rich history and iconic landmarks like the Brandenburg Gate and the Berlin Wall left a lasting impression. However, the city's busy atmosphere sometimes felt overwhelming, and the weather wasn’t always on my side.\r\n\r\nAfter Berlin, I took a short trip to Potsdam. The Sanssouci Palace and peaceful parks offered a nice break from the hustle and bustle of Berlin, but the experience didn’t quite reach my expectations. Although both cities had some wonderful moments, the trip as a whole could have been a bit more enjoyable.", "arrival_date": "2024-09-30", "departure_date": "2024-10-05", "stayed_for": null, "cost": "670.00", "currency": "EUR", "rating": 3, "is_private": false, "country": [54], "place": [31, 51], "transport": [9, 1, 2], "weather": [11, 3, 6], "hashtag": [11, 12, 3]}}, {"model": "viewer.entry", "pk": 52, "fields": {"entry_name": "Charming Prague Adventure", "author": 7, "description": "My trip to Prague was a delightful experience, earning a solid 4 out of 5. The city's charm with its stunning architecture, such as the majestic Prague Castle and the iconic Charles Bridge, truly made me feel like I was walking through a fairytale. The old town’s cobblestone streets and historical squares added to the enchanting atmosphere.\r\n\r\nI also enjoyed the local cuisine, especially the trdelník and traditional Czech goulash. The vibe in the city was generally welcoming, and I had plenty of moments to relax and soak in the beautiful views from Petrin Hill. However, it did get a bit crowded in the more touristy areas, which made navigating through certain spots slightly less enjoyable. All in all, Prague was a captivating destination, and I would love to return someday.", "arrival_date": "2024-10-10", "departure_date": "2024-10-13", "stayed_for": null, "cost": null, "currency": "CZK", "rating": 4, "is_private": false, "country": [53], "place": [54, 52, 43, 53], "transport": [7, 4, 1], "weather": [4, 6], "hashtag": []}}, {"model": "viewer.entry", "pk": 53, "fields": {"entry_name": "Unforgettable LA Adventure", "author": 7, "description": "My trip to Los Angeles was nothing short of extraordinary! From exploring the iconic Hollywood Walk of Fame to enjoying the stunning views from Griffith Observatory, every moment felt like a scene from a movie. I also soaked in the vibrant culture of Venice Beach and experienced the magic of Universal Studios. The warm weather, palm trees, and endless excitement made this a trip I'll never forget.", "arrival_date": "2024-10-14", "departure_date": "2024-10-15", "stayed_for": null, "cost": null, "currency": "AUD", "rating": 5, "is_private": true, "country": [224], "place": [56, 57, 55], "transport": [], "weather": [], "hashtag": []}}, {"model": "viewer.entry", "pk": 54, "fields": {"entry_name": "A Dreamy Day at Disneyland – Almost", "author": 7, "description": "I had been looking forward to visiting Disneyland for so long, expecting to be swept away by the magic and wonder that everyone talks about. Walking through the park and seeing the famous castle up close definitely gave me that initial thrill, and I loved the nostalgic charm of rides like Pirates of the Caribbean. The attention to detail in each themed area was impressive, and there were moments when I felt like a kid again, exploring a dreamlike world. However, the weather took a turn for the worse as the day progressed, with heavy rain and a sudden storm dampening the mood. Although there were fun moments, and I tried to enjoy the day despite the downpour, the combination of bad weather and the overall lack of magic left me feeling a bit underwhelmed. While Disneyland still has its charm, this visit only earned a 2/5 for me.", "arrival_date": "2024-10-12", "departure_date": "2024-10-12", "stayed_for": null, "cost": "1200.00", "currency": "USD", "rating": 2, "is_private": false, "country": [224], "place": [58], "transport": [3, 4], "weather": [11, 3, 5, 6], "hashtag": [15, 14, 13]}}, {"model": "viewer.entry", "pk": 55, "fields": {"entry_name": "Vienna", "author": 7, "description": "My trip to Vienna was an incredible experience, filled with both awe and inspiration. The city’s history is simply mesmerizing, and I felt that from the moment I stepped into the grand halls of Schönbrunn Palace. Walking through its vast gardens, surrounded by the beauty of Baroque architecture, made me feel like I was stepping back in time. St. Stephen's Cathedral, with its detailed Gothic design, took my breath away — the view from the top after climbing the tower was totally worth it.\r\n\r\nVienna’s café culture is something I’d heard a lot about, and it did not disappoint. Sitting in cozy cafes with a steaming cup of Viennese coffee and indulging in the famous Sachertorte was a highlight of the trip. I also took the chance to visit the Albertina Museum, where the art exhibits were truly remarkable.\r\n\r\nThe weather was mostly cooperative, except for a few rainy spells, but even then, the city had a certain charm. The rain brought out a different side of Vienna, and the cobbled streets looked even more magical. Overall, Vienna exceeded my expectations with its mix of tradition and modern life.", "arrival_date": "2024-08-08", "departure_date": "2024-08-11", "stayed_for": null, "cost": "1850.00", "currency": "AUD", "rating": 4, "is_private": false, "country": [16], "place": [60, 59], "transport": [9, 3, 2], "weather": [4, 6], "hashtag": []}}, {"model": "viewer.image", "pk": 1, "fields": {"image": "rome1.jpg", "description": "Rome img", "entry": 1}}, {"model": "viewer.image", "pk": 2, "fields": {"image": "paris-rain-louvre.jpg", "description": "Me with an umbrella", "entry": 2}}, {"model": "viewer.image", "pk": 4, "fields": {"image": "yellowstone.jpg", "description": "Yellowstone National Park", "entry": 3}}, {"model": "viewer.image", "pk": 5, "fields": {"image": "images/eiffel_tower.jpeg", "description": "The beautiful Eiffel Tower.", "entry": 2}}, {"model": "viewer.image", "pk": 16, "fields": {"image": "berlin1.jpg", "description": "Brandenburger Tor", "entry": 51}}, {"model": "viewer.image", "pk": 17, "fields": {"image": "berlin2.jpg", "description": "Fernsehturm", "entry": 51}}, {"model": "viewer.image", "pk": 18, "fields": {"image": "prague1.jpg", "description": "Prague 1", "entry": 52}}, {"model": "viewer.image", "pk": 19, "fields": {"image": "prague2.jpg", "description": "Prague 2", "entry": 52}}, {"model": "viewer.image", "pk": 20, "fields": {"image": "LA.jpg", "description": "LA", "entry": 53}}, {"model": "viewer.image", "pk": 21, "fields": {"image": "rainy_disneyland.jpg", "description": "", "entry": 54}}, {"model": "viewer.image", "pk": 22, "fields": {"image": "vienna.jpg", "description": "", "entry": 55}}, {"model": "viewer.image", "pk": 23, "fields": {"image": "vienna2.jfif", "description": "", "entry": 55}}, {"model": "viewer.image", "pk": 24, "fields": {"image": "vienna3.jpg", "description": "", "entry": 55}}, {"model": "viewer.image", "pk": 25, "fields": {"image": "vienna4.jpg", "description": "", "entry": 55}}]